dest_country,cmdCode,commodity,demand_4y_total,demand_yr1,gcc_avg_exp,uv_mean,uv_cagr,viability_score,grade,penetration_pct,penetration_pct_country,is_saturated,ml_growth_prob,pen_opportunity,dist_km,dist_sensitivity,weighted_dist_km,hs2,lpi_score,mfn_tariff_rate,demand_4y_total_n,uv_mean_n,viability_score_n,pen_opportunity_n,ml_growth_prob_n,uv_cagr_pos,uv_cagr_n,lpi_n,tariff_n_inv,dist_n_inv,landing_cost_n,opportunity_score,opportunity_rationale,gcc_country,reexport_filter_method
Singapore,5113,Woven fabrics of coarse animal hair or of horsehair,94959.464,23739.866,161571.2235,1.9255550402017128,-17.22,0.887875,A,5.166666666666667,0.16,False,0.8843007485071818,1.0,5899.340485303137,1.0,5899.340485303137,51,4.3,0.0,5.528400286639011e-07,0.00037323939205603557,0.9999999983880717,0.9999999985714286,0.8876452794606217,0.0,0.0,0.9999999992857143,1.0,0.7385274135196744,0.9346318531299186,0.6289855702749011,"low GCC penetration (high entry room) | stable market (A grade) | ML growth signal (88%) | low landing cost (tariff 0.0%, LPI 4.3)",United Arab Emirates,filtered
Singapore,5113,Woven fabrics of coarse animal hair or of horsehair,94959.464,23739.866,448.8,1.9255550402017128,-17.22,0.887875,A,5.166666666666667,0.0,False,0.8843007485071818,1.0,6648.7526890872905,1.0,6648.7526890872905,51,4.3,0.0,2.643579838475232e-07,4.727707159014999e-05,0.9999999983880717,0.9999999985714286,0.8876452794606217,0.0,0.0,0.9999999992857143,1.0,0.6919716636922031,0.9229929156730508,0.6272168401734272,"low GCC penetration (high entry room) | stable market (A grade) | ML growth signal (88%) | low landing cost (tariff 0.0%, LPI 4.3)",Saudi Arabia,filtered
Singapore,5113,Woven fabrics of coarse animal hair or of horsehair,94959.464,23739.866,49827.743,1.9255550402017128,-17.22,0.887875,A,5.166666666666667,,,0.8843007485071818,1.0,6669.9651832646405,1.0,6669.9651832646405,51,4.3,0.0,1.2539809932896582e-07,4.727707159014999e-05,0.9999999983880717,0.9999999985714286,0.8766615207643063,0.0,0.0,0.9999999992857143,1.0,0.6981134992879097,0.9245283745719775,0.6263487483986635,"low GCC penetration (high entry room) | stable market (A grade) | ML growth signal (88%) | low landing cost (tariff 0.0%, LPI 4.3)",Kuwait,filtered
Singapore,9109,Clock movements; complete and assembled,342507.5866348849,122357.81574498741,204.161,42.22691944101905,57.2,0.887875,A,4.416666666666667,0.0,False,0.636463443438212,1.0,5463.8922282930225,1.0,5463.8922282930225,91,4.3,0.0,4.559432657181938e-07,0.008185042448287593,0.9999999983880717,0.9999999985714286,0.5883870929289656,57.2,0.3470873786386706,0.9999999992857143,1.0,0.7675185909195217,0.9418796474798804,0.6111063441231355,"low GCC penetration (high entry room) | rising prices (+57%/yr) | stable market (A grade) | low landing cost (tariff 0.0%, LPI 4.3)",Oman,filtered
Singapore,9109,Clock movements; complete and assembled,342507.5866348849,122357.81574498741,3133892.065,42.22691944101905,57.2,0.887875,A,4.416666666666667,1.19,False,0.636463443438212,1.0,5899.340485303137,1.0,5899.340485303137,91,4.3,0.0,1.9940287785621168e-06,0.008185042448287593,0.9999999983880717,0.9999999985714286,0.5957590394507245,57.2,0.23425341960752621,0.9999999992857143,1.0,0.7385274135196744,0.9346318531299186,0.607371735373261,"low GCC penetration (high entry room) | rising prices (+57%/yr) | stable market (A grade) | low landing cost (tariff 0.0%, LPI 4.3)",United Arab Emirates,filtered
Singapore,9109,Clock movements; complete and assembled,342507.5866348849,122357.81574498741,13129.244333333334,42.22691944101905,57.2,0.887875,A,4.416666666666667,0.0,False,0.636463443438212,1.0,6648.7526890872905,1.0,6648.7526890872905,91,4.3,0.0,9.535080679823449e-07,0.0010367738401471107,0.9999999983880717,0.9999999985714286,0.5957590394507245,57.2,0.23425341960752621,0.9999999992857143,1.0,0.6919716636922031,0.9229929156730508,0.6051252558219832,"low GCC penetration (high entry room) | rising prices (+57%/yr) | stable market (A grade) | low landing cost (tariff 0.0%, LPI 4.3)",Saudi Arabia,filtered
Singapore,9109,Clock movements; complete and assembled,342507.5866348849,122357.81574498741,1134254.9179999998,42.22691944101905,57.2,0.887875,A,4.416666666666667,4.12,False,0.636463443438212,1.0,6319.980856175579,1.0,6319.980856175579,91,4.3,0.0,4.559432657181938e-07,0.0010367738401471107,0.9999999983880717,0.9999999985714286,0.5883870929289656,57.2,0.23425341960752621,0.9999999992857143,1.0,0.7099869431103011,0.9274967355275753,0.6050635097567855,"low GCC penetration (high entry room) | rising prices (+57%/yr) | stable market (A grade) | low landing cost (tariff 0.0%, LPI 4.3)",Bahrain,filtered
Singapore,9109,Clock movements; complete and assembled,342507.5866348849,122357.81574498741,35912.28866666667,42.22691944101905,57.2,0.887875,A,4.416666666666667,0.0,False,0.636463443438212,1.0,6669.9651832646405,1.0,6669.9651832646405,91,4.3,0.0,4.522961541754875e-07,0.0010367738401471107,0.9999999983880717,0.9999999985714286,0.5883870929289656,57.2,0.23425341960752621,0.9999999992857143,1.0,0.6981134992879097,0.9245283745719775,0.6046182547016679,"low GCC penetration (high entry room) | rising prices (+57%/yr) | stable market (A grade) | low landing cost (tariff 0.0%, LPI 4.3)",Kuwait,filtered
USA,3002,"Human blood; animal blood for therapeutic, prophylactic or diagnostic uses; antisera, other blood fractions, immunological products, modified or obtained by biotechnological processes; vaccines, toxins, cultures of micro-organisms (excluding yeasts) etc",757263981736.1669,138802849917.00006,302305.3175,128.68422198089962,-2.72,0.785875,A,0.0,,,0.7453578511873881,0.3,11102.528349991613,1.25,13878.160437489516,30,3.8,0.3164444444444445,1.0,0.02494346813079074,0.8355833151955138,0.0,0.7150487070052896,0.0,0.0,0.6428571423979591,0.9998091888179824,0.35956334373693544,0.7148145113007125,0.597589753203894,"large addressable market | premium unit value ($129/kg) | stable market (A grade) | ML growth signal (75%) | low landing cost (tariff 0.3%, LPI 3.8)",Qatar,filtered
USA,3002,"Human blood; animal blood for therapeutic, prophylactic or diagnostic uses; antisera, other blood fractions, immunological products, modified or obtained by biotechnological processes; vaccines, toxins, cultures of micro-organisms (excluding yeasts) etc",757263981736.1669,138802849917.00006,399273.837,128.68422198089962,-2.72,0.785875,A,0.0,0.0,False,0.7453578511873881,0.3,10530.01972929773,1.25,13162.524661622163,30,3.8,0.3164444444444445,1.0,0.0031595114385701644,0.8355833151955138,0.0,0.7150487070052896,0.0,0.0,0.6428571423979591,0.9998091888179824,0.39022817817114863,0.7224807199092658,0.5972148075267215,"large addressable market | premium unit value ($129/kg) | stable market (A grade) | ML growth signal (75%) | low landing cost (tariff 0.3%, LPI 3.8)",Kuwait,filtered
Belgium,5001,Silk-worm cocoons suitable for reeling,0.0,0.0,152486.585,33.401087340599865,13.5,0.809875,A,5.343333333333334,0.21,False,0.8790621956189474,1.0,5155.136506204554,1.0,5155.136506204554,50,4.0,3.086666666666667,0.0,0.0064742898918693555,0.8742695935937628,0.9999999985714286,0.8814756614315109,13.5,0.055287083298979085,0.7857142851530613,0.9981387869956295,0.772745191152914,0.8674418123900517,0.5952295692260974,"low GCC penetration (high entry room) | rising prices (+14%/yr) | stable market (A grade) | ML growth signal (88%) | low landing cost (tariff 3.1%, LPI 4.0)",United Arab Emirates,filtered
Singapore,7206,Iron and non-alloy steel in ingots or other primary forms (excluding iron of heading no. 7203),1396603.388,349150.847,2985564.798333334,1.2540788872285118,31.94,0.887875,A,3.3433333333333333,1.97,False,0.4368489782015483,1.0,5463.8922282930225,0.7,3824.7245598051154,72,4.3,0.0,1.8591468758226846e-06,0.00024308401042145552,0.9999999983880717,0.9999999985714286,0.3562035411519517,31.94,0.19381067961047446,0.9999999992857143,1.0,0.8414141471882697,0.9603535365470675,0.585505185044918,"low GCC penetration (high entry room) | rising prices (+32%/yr) | stable market (A grade) | low landing cost (tariff 0.0%, LPI 4.3)",Oman,filtered
Singapore,9103,"Clocks; with watch movements, excluding clocks of heading no. 9104",6813064.584,1703266.146,280.884,111.78304654795602,24.85,0.887875,A,9.290000000000001,,,0.44849348068237305,1.0,5463.8922282930225,1.0,5463.8922282930225,91,4.3,0.0,9.069495208844343e-06,0.02166743378644738,0.9999999983880717,0.9999999985714286,0.3697479600970851,24.85,0.15078883495054135,0.9999999992857143,1.0,0.7675185909195217,0.9418796474798804,0.5842993953109603,"low GCC penetration (high entry room) | rising prices (+25%/yr) | premium unit value ($112/kg) | stable market (A grade) | low landing cost (tariff 0.0%, LPI 4.3)",Oman,filtered
Singapore,5405,"Artificial monofilament of 67 decitex or more, no cross-sectional dimension exceeds 1mm; strip and the like (e.g. artificial straw), of artificial textile materials of a width not exceeding 5mm",849397.5912220157,181925.85766861116,45464.23933333333,3.491563679732988,-4.27,0.887875,A,7.739999999999999,0.34,False,0.5,1.0,5463.8922282930225,1.0,5463.8922282930225,54,4.3,0.0,1.1307110462571241e-06,0.0006767862138139445,0.9999999983880717,0.9999999985714286,0.4296582806275106,0.0,0.0,0.9999999992857143,1.0,0.7675185909195217,0.9418796474798804,0.5842954322893618,"low GCC penetration (high entry room) | stable market (A grade) | low landing cost (tariff 0.0%, LPI 4.3)",Oman,filtered
Singapore,5405,"Artificial monofilament of 67 decitex or more, no cross-sectional dimension exceeds 1mm; strip and the like (e.g. artificial straw), of artificial textile materials of a width not exceeding 5mm",849397.5912220157,181925.85766861116,38977.555,3.491563679732988,-4.27,0.887875,A,7.739999999999999,0.03,False,0.5,1.0,5899.340485303137,1.0,5899.340485303137,54,4.3,0.0,4.9450678099681315e-06,0.0006767862138139445,0.9999999983880717,0.9999999985714286,0.4350415018189368,0.0,0.0,0.9999999992857143,1.0,0.7385274135196744,0.9346318531299186,0.583747538845201,"low GCC penetration (high entry room) | stable market (A grade) | low landing cost (tariff 0.0%, LPI 4.3)",United Arab Emirates,filtered
Singapore,9103,"Clocks; with watch movements, excluding clocks of heading no. 9104",6813064.584,1703266.146,8314.835,111.78304654795602,24.85,0.887875,A,9.290000000000001,,,0.44849348068237305,1.0,6202.9656289538425,1.0,6202.9656289538425,91,4.3,0.0,8.99694789177718e-06,0.02166743378644738,0.9999999983880717,0.9999999985714286,0.3697479600970851,24.85,0.18614232209598397,0.9999999992857143,1.0,0.7162497147718924,0.929062428442973,0.5834373989329583,"low GCC penetration (high entry room) | rising prices (+25%/yr) | premium unit value ($112/kg) | stable market (A grade) | low landing cost (tariff 0.0%, LPI 4.3)",Qatar,filtered
Singapore,7206,Iron and non-alloy steel in ingots or other primary forms (excluding iron of heading no. 7203),1396603.388,349150.847,1173851.579,1.2540788872285118,31.94,0.887875,A,3.3433333333333333,0.5,False,0.4368489782015483,1.0,5899.340485303137,0.7,4129.538339712196,72,4.3,0.0,8.13081945211929e-06,0.00024308401042145552,0.9999999983880717,0.9999999985714286,0.3606664423402861,31.94,0.1308051437458809,0.9999999992857143,1.0,0.8199012007789318,0.954975299944733,0.5832561415156076,"low GCC penetration (high entry room) | rising prices (+32%/yr) | stable market (A grade) | low landing cost (tariff 0.0%, LPI 4.3)",United Arab Emirates,filtered
Singapore,9103,"Clocks; with watch movements, excluding clocks of heading no. 9104",6813064.584,1703266.146,1311201.5535,111.78304654795602,24.85,0.887875,A,9.290000000000001,3.49,False,0.44849348068237305,1.0,5899.340485303137,1.0,5899.340485303137,91,4.3,0.0,3.9664659647905857e-05,0.02166743378644738,0.9999999983880717,0.9999999985714286,0.37438056033784906,24.85,0.1017691866651578,0.9999999992857143,1.0,0.7385274135196744,0.9346318531299186,0.5822125455250908,"low GCC penetration (high entry room) | rising prices (+25%/yr) | premium unit value ($112/kg) | stable market (A grade) | low landing cost (tariff 0.0%, LPI 4.3)",United Arab Emirates,filtered
Singapore,5405,"Artificial monofilament of 67 decitex or more, no cross-sectional dimension exceeds 1mm; strip and the like (e.g. artificial straw), of artificial textile materials of a width not exceeding 5mm",849397.5912220157,181925.85766861116,431.293,3.491563679732988,-4.27,0.887875,A,7.739999999999999,0.0,False,0.5,1.0,6319.980856175579,1.0,6319.980856175579,54,4.3,0.0,1.1307110462571241e-06,8.572640231099905e-05,0.9999999983880717,0.9999999985714286,0.4296582806275106,0.0,0.0,0.9999999992857143,1.0,0.7099869431103011,0.9274967355275753,0.5820966213097107,"low GCC penetration (high entry room) | stable market (A grade) | low landing cost (tariff 0.0%, LPI 4.3)",Bahrain,filtered
Singapore,7206,Iron and non-alloy steel in ingots or other primary forms (excluding iron of heading no. 7203),1396603.388,349150.847,23073.086,1.2540788872285118,31.94,0.887875,A,3.3433333333333333,0.01,False,0.4368489782015483,1.0,6319.980856175579,0.7,4423.986599322905,72,4.3,0.0,1.8591468758226846e-06,3.0790694679382996e-05,0.9999999983880717,0.9999999985714286,0.3562035411519517,31.94,0.1308051437458809,0.9999999992857143,1.0,0.7983500494965998,0.9495875121241499,0.5819852547734407,"low GCC penetration (high entry room) | rising prices (+32%/yr) | stable market (A grade) | low landing cost (tariff 0.0%, LPI 4.3)",Bahrain,filtered
Singapore,5405,"Artificial monofilament of 67 decitex or more, no cross-sectional dimension exceeds 1mm; strip and the like (e.g. artificial straw), of artificial textile materials of a width not exceeding 5mm",849397.5912220157,181925.85766861116,1959398.0846666666,3.491563679732988,-4.27,0.887875,A,7.739999999999999,19.37,False,0.5,1.0,6648.7526890872905,1.0,6648.7526890872905,54,4.3,0.0,2.3646409240514954e-06,8.572640231099905e-05,0.9999999983880717,0.9999999985714286,0.4350415018189368,0.0,0.0,0.9999999992857143,1.0,0.6919716636922031,0.9229929156730508,0.5819596789331442,"low GCC penetration (high entry room) | stable market (A grade) | low landing cost (tariff 0.0%, LPI 4.3)",Saudi Arabia,filtered
Singapore,7206,Iron and non-alloy steel in ingots or other primary forms (excluding iron of heading no. 7203),1396603.388,349150.847,6537.283333333333,1.2540788872285118,31.94,0.887875,A,3.3433333333333333,0.0,False,0.4368489782015483,1.0,6669.9651832646405,0.7,4668.975628285248,72,4.3,0.0,1.8442754728648656e-06,3.0790694679382996e-05,0.9999999983880717,0.9999999985714286,0.3562035411519517,31.94,0.1308051437458809,0.9999999992857143,1.0,0.7930029359946132,0.9482507337486533,0.5817847342992655,"low GCC penetration (high entry room) | rising prices (+32%/yr) | stable market (A grade) | low landing cost (tariff 0.0%, LPI 4.3)",Kuwait,filtered
Singapore,9103,"Clocks; with watch movements, excluding clocks of heading no. 9104",6813064.584,1703266.146,5484.832333333333,111.78304654795602,24.85,0.887875,A,9.290000000000001,0.01,False,0.44849348068237305,1.0,6319.980856175579,1.0,6319.980856175579,91,4.3,0.0,9.069495208844343e-06,0.0027445463691649005,0.9999999983880717,0.9999999985714286,0.3697479600970851,24.85,0.1017691866651578,0.9999999992857143,1.0,0.7099869431103011,0.9274967355275753,0.5793467669503434,"low GCC penetration (high entry room) | rising prices (+25%/yr) | premium unit value ($112/kg) | stable market (A grade) | low landing cost (tariff 0.0%, LPI 4.3)",Bahrain,filtered
Singapore,9103,"Clocks; with watch movements, excluding clocks of heading no. 9104",6813064.584,1703266.146,999704.7749999999,111.78304654795602,24.85,0.887875,A,9.290000000000001,4.89,False,0.44849348068237305,1.0,6648.7526890872905,1.0,6648.7526890872905,91,4.3,0.0,1.8966914316715226e-05,0.0027445463691649005,0.9999999983880717,0.9999999985714286,0.37438056033784906,24.85,0.1017691866651578,0.9999999992857143,1.0,0.6919716636922031,0.9229929156730508,0.579136928351018,"low GCC penetration (high entry room) | rising prices (+25%/yr) | premium unit value ($112/kg) | stable market (A grade) | low landing cost (tariff 0.0%, LPI 4.3)",Saudi Arabia,filtered
Singapore,9103,"Clocks; with watch movements, excluding clocks of heading no. 9104",6813064.584,1703266.146,186919.79633333333,111.78304654795602,24.85,0.887875,A,9.290000000000001,0.33,False,0.44849348068237305,1.0,6669.9651832646405,1.0,6669.9651832646405,91,4.3,0.0,8.99694789177718e-06,0.0027445463691649005,0.9999999983880717,0.9999999985714286,0.3697479600970851,24.85,0.1017691866651578,0.9999999992857143,1.0,0.6981134992879097,0.9245283745719775,0.5789014946701744,"low GCC penetration (high entry room) | rising prices (+25%/yr) | premium unit value ($112/kg) | stable market (A grade) | low landing cost (tariff 0.0%, LPI 4.3)",Kuwait,filtered
Singapore,2509,Chalk,113498.14,28374.535,27.741333333333333,0.05603377927510886,-9.28,0.887875,A,8.806666666666667,0.0,False,0.41324383020401,1.0,5463.8922282930225,0.7,3824.7245598051154,25,4.3,0.0,1.5108778498300883e-07,1.0861291043154422e-05,0.9999999983880717,0.9999999985714286,0.3287469783432768,0.0,0.0,0.9999999992857143,1.0,0.8414141471882697,0.9603535365470675,0.5769285257706072,"low GCC penetration (high entry room) | stable market (A grade) | low landing cost (tariff 0.0%, LPI 4.3)",Oman,filtered
Singapore,2509,Chalk,113498.14,28374.535,181625.2315,0.05603377927510886,-9.28,0.887875,A,8.806666666666667,0.09,False,0.41324383020401,1.0,5899.340485303137,0.7,4129.538339712196,25,4.3,0.0,6.607694728658056e-07,1.0861291043154422e-05,0.9999999983880717,0.9999999985714286,0.33286587417335417,0.0,0.0,0.9999999992857143,1.0,0.8199012007789318,0.954975299944733,0.5765338072836868,"low GCC penetration (high entry room) | stable market (A grade) | low landing cost (tariff 0.0%, LPI 4.3)",United Arab Emirates,filtered
Netherlands,2509,Chalk,25606563.78209742,6108474.76272454,4182129.14,0.05603377927510886,-9.28,0.8365000000000001,A,8.806666666666667,6.3,False,0.5960953036944071,1.0,4665.298001383305,0.7,3265.708600968313,25,4.1,0.22417910447761194,7.128620244421643e-05,1.3757659162931404e-06,0.9171871836918204,0.9999999985714286,0.5482161381803354,0.0,0.0,0.8571428565306121,0.9998648234132089,0.8560419590377297,0.9139564189104301,0.575370430961473,"low GCC penetration (high entry room) | stable market (A grade) | proximity advantage (0.7x sensitivity) | low landing cost (tariff 0.2%, LPI 4.1)",Saudi Arabia,filtered
Singapore,2509,Chalk,113498.14,28374.535,4182129.14,0.05603377927510886,-9.28,0.887875,A,8.806666666666667,6.3,False,0.41324383020401,1.0,6648.7526890872905,0.7,4654.126882361103,25,4.3,0.0,3.159678687828727e-07,1.3757659162931404e-06,0.9999999983880717,0.9999999985714286,0.33286587417335417,0.0,0.0,0.9999999992857143,1.0,0.7887066859648024,0.9471766712412006,0.5753632627909969,"low GCC penetration (high entry room) | stable market (A grade) | low landing cost (tariff 0.0%, LPI 4.3)",Saudi Arabia,filtered
Singapore,2509,Chalk,113498.14,28374.535,5267.242,0.05603377927510886,-9.28,0.887875,A,8.806666666666667,,,0.41324383020401,1.0,6319.980856175579,0.7,4423.986599322905,25,4.3,0.0,1.5108778498300883e-07,1.3757659162931404e-06,0.9999999983880717,0.9999999985714286,0.3287469783432768,0.0,0.0,0.9999999992857143,1.0,0.7983500494965998,0.9495875121241499,0.5753129581204106,"low GCC penetration (high entry room) | stable market (A grade) | low landing cost (tariff 0.0%, LPI 4.3)",Bahrain,filtered
Netherlands,2509,Chalk,25606563.78209742,6108474.76272454,114.107,0.05603377927510886,-9.28,0.8365000000000001,A,8.806666666666667,0.0,False,0.5960953036944071,1.0,4341.137240517271,0.7,3038.796068362089,25,4.1,0.22417910447761194,3.381458038369878e-05,1.3757659162931404e-06,0.9171871836918204,0.9999999985714286,0.5414324894475244,0.0,0.0,0.8571428565306121,0.9998648234132089,0.8703080972269435,0.9175229534577336,0.5752176783647723,"low GCC penetration (high entry room) | stable market (A grade) | proximity advantage (0.7x sensitivity) | low landing cost (tariff 0.2%, LPI 4.1)",Kuwait,filtered
Singapore,2509,Chalk,113498.14,28374.535,114.107,0.05603377927510886,-9.28,0.887875,A,8.806666666666667,0.0,False,0.41324383020401,1.0,6669.9651832646405,0.7,4668.975628285248,25,4.3,0.0,1.4987922671270415e-07,1.3757659162931404e-06,0.9999999983880717,0.9999999985714286,0.3287469783432768,0.0,0.0,0.9999999992857143,1.0,0.7930029359946132,0.9482507337486533,0.5751124410619466,"low GCC penetration (high entry room) | stable market (A grade) | low landing cost (tariff 0.0%, LPI 4.3)",Kuwait,filtered
Netherlands,2509,Chalk,25606563.78209742,6108474.76272454,181625.2315,0.05603377927510886,-9.28,0.8365000000000001,A,8.806666666666667,0.09,False,0.5960953036944071,1.0,5165.972240441114,0.7,3616.1805683087796,25,4.1,0.22417910447761194,0.00014907764701871894,1.0861291043154422e-05,0.9171871836918204,0.9999999985714286,0.5482161381803354,0.0,0.0,0.8571428565306121,0.9998648234132089,0.8435048935318975,0.9108221525339721,0.5749204028529069,"low GCC penetration (high entry room) | stable market (A grade) | low landing cost (tariff 0.2%, LPI 4.1)",United Arab Emirates,filtered
Singapore,7011,"Glass envelopes (including bulbs and tubes), open and glass parts thereof, without fittings, for electric lamps, cathode-ray tubes or the like",169175.152,42293.788,9973.992,2.477331188168089,24.09,0.887875,A,4.3,0.0,False,0.37861032287279767,1.0,5463.8922282930225,1.0,5463.8922282930225,70,4.3,0.0,2.2520456273418964e-07,0.0004801927586014123,0.9999999983880717,0.9999999985714286,0.28846266962285266,24.09,0.14617718446513242,0.9999999992857143,1.0,0.7675185909195217,0.9418796474798804,0.5745471988043642,"low GCC penetration (high entry room) | rising prices (+24%/yr) | stable market (A grade) | low landing cost (tariff 0.0%, LPI 4.3)",Oman,filtered
United Arab Emirates,7206,Iron and non-alloy steel in ingots or other primary forms (excluding iron of heading no. 7203),5115743.268,1278935.817,2985564.798333334,1.2540788872285118,31.94,0.8436250000000002,A,3.3433333333333333,1.97,False,0.5112667282422384,1.0,438.48270370145906,0.7,306.9378925910213,72,4.0,4.801974286720676,6.8100351151469005e-06,0.00024308401042145552,0.9286721725913007,0.9999999985714286,0.4427632877074726,31.94,0.19381067961047446,0.7857142851530613,0.9971044826169231,1.0,0.9238417928503406,0.5744200707086669,"low GCC penetration (high entry room) | rising prices (+32%/yr) | stable market (A grade) | proximity advantage (0.7x sensitivity) | low landing cost (tariff 4.8%, LPI 4.0)",Oman,filtered
Netherlands,2509,Chalk,25606563.78209742,6108474.76272454,5267.242,0.05603377927510886,-9.28,0.8365000000000001,A,8.806666666666667,,,0.5960953036944071,1.0,4774.190518047728,0.7,3341.933362633409,25,4.1,0.22417910447761194,3.408724586026905e-05,1.3757659162931404e-06,0.9171871836918204,0.9999999985714286,0.5414324894475244,0.0,0.0,0.8571428565306121,0.9998648234132089,0.8487793084058278,0.9121407562524547,0.5744104169503497,"low GCC penetration (high entry room) | stable market (A grade) | proximity advantage (0.7x sensitivity) | low landing cost (tariff 0.2%, LPI 4.1)",Bahrain,filtered
Netherlands,2509,Chalk,25606563.78209742,6108474.76272454,27.741333333333333,0.05603377927510886,-9.28,0.8365000000000001,A,8.806666666666667,0.0,False,0.5960953036944071,1.0,5514.0668408475885,0.7,3859.846788593312,25,4.1,0.22417910447761194,3.408724586026905e-05,1.0861291043154422e-05,0.9171871836918204,0.9999999985714286,0.5414324894475244,0.0,0.0,0.8571428565306121,0.9998648234132089,0.8398307968796974,0.9099036283709221,0.5740755117548786,"low GCC penetration (high entry room) | stable market (A grade) | low landing cost (tariff 0.2%, LPI 4.1)",Oman,filtered
Singapore,7011,"Glass envelopes (including bulbs and tubes), open and glass parts thereof, without fittings, for electric lamps, cathode-ray tubes or the like",169175.152,42293.788,64224.128500000006,2.477331188168089,24.09,0.887875,A,4.3,,,0.37861032287279767,1.0,6202.9656289538425,1.0,6202.9656289538425,70,4.3,0.0,2.2340314088639852e-07,0.0004801927586014123,0.9999999983880717,0.9999999985714286,0.28846266962285266,24.09,0.1804494382008955,0.9999999992857143,1.0,0.7162497147718924,0.929062428442973,0.5736527831105456,"low GCC penetration (high entry room) | rising prices (+24%/yr) | stable market (A grade) | low landing cost (tariff 0.0%, LPI 4.3)",Qatar,filtered
Germany,9103,"Clocks; with watch movements, excluding clocks of heading no. 9104",9190629.225243883,1708830.6562098593,8314.835,111.78304654795602,24.85,0.842875,A,9.290000000000001,,,0.517045666774114,1.0,4394.132643463157,1.0,4394.132643463157,91,4.1,4.203448275862069,1.2136625333972277e-05,0.02166743378644738,0.927463226391355,0.9999999985714286,0.4494851175720624,24.85,0.18614232209598397,0.8571428565306121,0.9974653846886933,0.8003109131515713,0.8990638819490843,0.57240476322639,"low GCC penetration (high entry room) | rising prices (+25%/yr) | premium unit value ($112/kg) | stable market (A grade) | low landing cost (tariff 4.2%, LPI 4.1)",Qatar,filtered
Singapore,7011,"Glass envelopes (including bulbs and tubes), open and glass parts thereof, without fittings, for electric lamps, cathode-ray tubes or the like",169175.152,42293.788,3573599.8375,2.477331188168089,24.09,0.887875,A,4.3,5.11,False,0.37861032287279767,1.0,5899.340485303137,1.0,5899.340485303137,70,4.3,0.0,9.84912845347356e-07,0.0004801927586014123,0.9999999983880717,0.9999999985714286,0.2920768402930448,24.09,0.09865672864240045,0.9999999992857143,1.0,0.7385274135196744,0.9346318531299186,0.5723960229712778,"low GCC penetration (high entry room) | rising prices (+24%/yr) | stable market (A grade) | low landing cost (tariff 0.0%, LPI 4.3)",United Arab Emirates,filtered
United Arab Emirates,7011,"Glass envelopes (including bulbs and tubes), open and glass parts thereof, without fittings, for electric lamps, cathode-ray tubes or the like",14723935.0,3680983.75,64224.128500000006,2.477331188168089,24.09,0.8436250000000002,A,4.3,,,0.5,1.0,303.6592641976991,1.0,303.6592641976991,70,4.0,4.801974286720676,1.9443596097417273e-05,0.0004801927586014123,0.9286721725913007,0.9999999985714286,0.4296582806275106,24.09,0.1804494382008955,0.7857142851530613,0.9971044826169231,0.9904059064203682,0.9214432694554326,0.5723687102517652,"low GCC penetration (high entry room) | rising prices (+24%/yr) | stable market (A grade) | proximity advantage (1.0x sensitivity) | low landing cost (tariff 4.8%, LPI 4.0)",Qatar,filtered
United Arab Emirates,7206,Iron and non-alloy steel in ingots or other primary forms (excluding iron of heading no. 7203),5115743.268,1278935.817,23073.086,1.2540788872285118,31.94,0.8436250000000002,A,3.3433333333333333,0.01,False,0.5112667282422384,1.0,426.25749275648013,0.7,298.38024492953605,72,4.0,4.801974286720676,6.8100351151469005e-06,3.0790694679382996e-05,0.9286721725913007,0.9999999985714286,0.4427632877074726,31.94,0.1308051437458809,0.7857142851530613,0.9971044826169231,0.9906245734745375,0.921497936218975,0.5721634656059222,"low GCC penetration (high entry room) | rising prices (+32%/yr) | stable market (A grade) | proximity advantage (0.7x sensitivity) | low landing cost (tariff 4.8%, LPI 4.0)",Bahrain,filtered
United Arab Emirates,7206,Iron and non-alloy steel in ingots or other primary forms (excluding iron of heading no. 7203),5115743.268,1278935.817,6537.283333333333,1.2540788872285118,31.94,0.8436250000000002,A,3.3433333333333333,0.0,False,0.5112667282422384,1.0,834.9841841789903,0.7,584.4889289252932,72,4.0,4.801974286720676,6.755561325221383e-06,3.0790694679382996e-05,0.9286721725913007,0.9999999985714286,0.4427632877074726,31.94,0.1308051437458809,0.7857142851530613,0.9971044826169231,0.9866944228761031,0.9205153985693664,0.5720160713400334,"low GCC penetration (high entry room) | rising prices (+32%/yr) | stable market (A grade) | proximity advantage (0.7x sensitivity) | low landing cost (tariff 4.8%, LPI 4.0)",Kuwait,filtered
United Arab Emirates,7011,"Glass envelopes (including bulbs and tubes), open and glass parts thereof, without fittings, for electric lamps, cathode-ray tubes or the like",14723935.0,3680983.75,9973.992,2.477331188168089,24.09,0.8436250000000002,A,4.3,0.0,False,0.5,1.0,438.48270370145906,1.0,438.48270370145906,70,4.0,4.801974286720676,1.9600380458955524e-05,0.0004801927586014123,0.9286721725913007,0.9999999985714286,0.4296582806275106,24.09,0.14617718446513242,0.7857142851530613,0.9971044826169231,0.9940698092219936,0.922359245155839,0.5714779781908437,"low GCC penetration (high entry room) | rising prices (+24%/yr) | stable market (A grade) | proximity advantage (1.0x sensitivity) | low landing cost (tariff 4.8%, LPI 4.0)",Oman,filtered
Germany,9103,"Clocks; with watch movements, excluding clocks of heading no. 9104",9190629.225243883,1708830.6562098593,280.884,111.78304654795602,24.85,0.842875,A,9.290000000000001,,,0.517045666774114,1.0,4972.311357537517,1.0,4972.311357537517,91,4.1,4.203448275862069,1.223448958936424e-05,0.02166743378644738,0.927463226391355,0.9999999985714286,0.4494851175720624,24.85,0.15078883495054135,0.8571428565306121,0.9974653846886933,0.7896796197110809,0.8964060585889617,0.5709455095740722,"low GCC penetration (high entry room) | rising prices (+25%/yr) | premium unit value ($112/kg) | stable market (A grade) | low landing cost (tariff 4.2%, LPI 4.1)",Oman,filtered
Singapore,7011,"Glass envelopes (including bulbs and tubes), open and glass parts thereof, without fittings, for electric lamps, cathode-ray tubes or the like",169175.152,42293.788,3746.5363333333335,2.477331188168089,24.09,0.887875,A,4.3,0.0,False,0.37861032287279767,1.0,6319.980856175579,1.0,6319.980856175579,70,4.3,0.0,2.2520456273418964e-07,6.08245214965473e-05,0.9999999983880717,0.9999999985714286,0.28846266962285266,24.09,0.09865672864240045,0.9999999992857143,1.0,0.7099869431103011,0.9274967355275753,0.570934792560239,"low GCC penetration (high entry room) | rising prices (+24%/yr) | stable market (A grade) | low landing cost (tariff 0.0%, LPI 4.3)",Bahrain,filtered
China,8542,Electronic integrated circuits,751206591669.6301,171611113646.65512,1037383.6136666667,98.59851783178212,-10.3,0.78525,A,0.0,0.0,False,0.4464546740055084,0.3,5652.735000703542,1.25,7065.9187508794275,85,3.7,5.125675675675676,1.0,0.019111814559871237,0.8345758600288925,0.0,0.36737650182095327,0.0,0.0,0.5714285710204083,0.9969092956078554,0.6952974000556149,0.7725880681141888,0.5708788594241931,"large addressable market | premium unit value ($99/kg) | stable market (A grade) | low landing cost (tariff 5.1%, LPI 3.7)",Oman,filtered
Singapore,7011,"Glass envelopes (including bulbs and tubes), open and glass parts thereof, without fittings, for electric lamps, cathode-ray tubes or the like",169175.152,42293.788,206356.79466666668,2.477331188168089,24.09,0.887875,A,4.3,0.1,False,0.37861032287279767,1.0,6648.7526890872905,1.0,6648.7526890872905,70,4.3,0.0,4.7096729715974674e-07,6.08245214965473e-05,0.9999999983880717,0.9999999985714286,0.2920768402930448,24.09,0.09865672864240045,0.9999999992857143,1.0,0.6919716636922031,0.9229929156730508,0.5706206980897632,"low GCC penetration (high entry room) | rising prices (+24%/yr) | stable market (A grade) | low landing cost (tariff 0.0%, LPI 4.3)",Saudi Arabia,filtered
Singapore,7011,"Glass envelopes (including bulbs and tubes), open and glass parts thereof, without fittings, for electric lamps, cathode-ray tubes or the like",169175.152,42293.788,26752.071,2.477331188168089,24.09,0.887875,A,4.3,0.0,False,0.37861032287279767,1.0,6669.9651832646405,1.0,6669.9651832646405,70,4.3,0.0,2.2340314088639852e-07,6.08245214965473e-05,0.9999999983880717,0.9999999985714286,0.28846266962285266,24.09,0.09865672864240045,0.9999999992857143,1.0,0.6981134992879097,0.9245283745719775,0.570489537966544,"low GCC penetration (high entry room) | rising prices (+24%/yr) | stable market (A grade) | low landing cost (tariff 0.0%, LPI 4.3)",Kuwait,filtered
Germany,9103,"Clocks; with watch movements, excluding clocks of heading no. 9104",9190629.225243883,1708830.6562098593,1311201.5535,111.78304654795602,24.85,0.842875,A,9.290000000000001,3.49,False,0.517045666774114,1.0,4637.259451606709,1.0,4637.259451606709,91,4.1,4.203448275862069,5.350649119421225e-05,0.02166743378644738,0.927463226391355,0.9999999985714286,0.4551167507076107,24.85,0.1017691866651578,0.8571428565306121,0.9974653846886933,0.7965566761668077,0.8981253227028934,0.5703062910565564,"low GCC penetration (high entry room) | rising prices (+25%/yr) | premium unit value ($112/kg) | stable market (A grade) | low landing cost (tariff 4.2%, LPI 4.1)",United Arab Emirates,filtered
United Arab Emirates,7011,"Glass envelopes (including bulbs and tubes), open and glass parts thereof, without fittings, for electric lamps, cathode-ray tubes or the like",14723935.0,3680983.75,206356.79466666668,2.477331188168089,24.09,0.8436250000000002,A,4.3,0.1,False,0.5,1.0,773.8595781115821,1.0,773.8595781115821,70,4.0,4.801974286720676,4.099001412752267e-05,6.08245214965473e-05,0.9286721725913007,0.9999999985714286,0.4350415018189368,24.09,0.09865672864240045,0.7857142851530613,0.9971044826169231,0.9768912280651061,0.9180645998666171,0.5699224814737408,"low GCC penetration (high entry room) | rising prices (+24%/yr) | stable market (A grade) | proximity advantage (1.0x sensitivity) | low landing cost (tariff 4.8%, LPI 4.0)",Saudi Arabia,filtered
Germany,9103,"Clocks; with watch movements, excluding clocks of heading no. 9104",9190629.225243883,1708830.6562098593,186919.79633333333,111.78304654795602,24.85,0.842875,A,9.290000000000001,0.33,False,0.517045666774114,1.0,3821.4860186311803,1.0,3821.4860186311803,91,4.1,4.203448275862069,1.2136625333972277e-05,0.0027445463691649005,0.927463226391355,0.9999999985714286,0.4494851175720624,24.85,0.1017691866651578,0.8571428565306121,0.9974653846886933,0.8331919572090127,0.9072841429634446,0.5697820061964095,"low GCC penetration (high entry room) | rising prices (+25%/yr) | premium unit value ($112/kg) | stable market (A grade) | low landing cost (tariff 4.2%, LPI 4.1)",Kuwait,filtered
United Arab Emirates,7011,"Glass envelopes (including bulbs and tubes), open and glass parts thereof, without fittings, for electric lamps, cathode-ray tubes or the like",14723935.0,3680983.75,3746.5363333333335,2.477331188168089,24.09,0.8436250000000002,A,4.3,0.0,False,0.5,1.0,426.25749275648013,1.0,426.25749275648013,70,4.0,4.801974286720676,1.9600380458955524e-05,6.08245214965473e-05,0.9286721725913007,0.9999999985714286,0.4296582806275106,24.09,0.09865672864240045,0.7857142851530613,0.9971044826169231,0.9846648345073549,0.9200080014771793,0.5696703221877654,"low GCC penetration (high entry room) | rising prices (+24%/yr) | stable market (A grade) | proximity advantage (1.0x sensitivity) | low landing cost (tariff 4.8%, LPI 4.0)",Bahrain,filtered
Germany,9103,"Clocks; with watch movements, excluding clocks of heading no. 9104",9190629.225243883,1708830.6562098593,999704.7749999999,111.78304654795602,24.85,0.842875,A,9.290000000000001,4.89,False,0.517045666774114,1.0,4174.930911717803,1.0,4174.930911717803,91,4.1,4.203448275862069,2.5585824834432476e-05,0.0027445463691649005,0.927463226391355,0.9999999985714286,0.4551167507076107,24.85,0.1017691866651578,0.8571428565306121,0.9974653846886933,0.8119466504417501,0.901972816271629,0.5695518328060671,"low GCC penetration (high entry room) | rising prices (+25%/yr) | premium unit value ($112/kg) | stable market (A grade) | low landing cost (tariff 4.2%, LPI 4.1)",Saudi Arabia,filtered
United Arab Emirates,7011,"Glass envelopes (including bulbs and tubes), open and glass parts thereof, without fittings, for electric lamps, cathode-ray tubes or the like",14723935.0,3680983.75,26752.071,2.477331188168089,24.09,0.8436250000000002,A,4.3,0.0,False,0.5,1.0,834.9841841789903,1.0,834.9841841789903,70,4.0,4.801974286720676,1.9443596097417273e-05,6.08245214965473e-05,0.9286721725913007,0.9999999985714286,0.4296582806275106,24.09,0.09865672864240045,0.7857142851530613,0.9971044826169231,0.9748156234043238,0.9175456987014216,0.5693009375753113,"low GCC penetration (high entry room) | rising prices (+24%/yr) | stable market (A grade) | proximity advantage (1.0x sensitivity) | low landing cost (tariff 4.8%, LPI 4.0)",Kuwait,filtered
Germany,9103,"Clocks; with watch movements, excluding clocks of heading no. 9104",9190629.225243883,1708830.6562098593,5484.832333333333,111.78304654795602,24.85,0.842875,A,9.290000000000001,0.01,False,0.517045666774114,1.0,4255.625774891001,1.0,4255.625774891001,91,4.1,4.203448275862069,1.223448958936424e-05,0.0027445463691649005,0.927463226391355,0.9999999985714286,0.4494851175720624,24.85,0.1017691866651578,0.8571428565306121,0.9974653846886933,0.8061965318299676,0.9005352866186833,0.5687697022107592,"low GCC penetration (high entry room) | rising prices (+25%/yr) | premium unit value ($112/kg) | stable market (A grade) | low landing cost (tariff 4.2%, LPI 4.1)",Bahrain,filtered
Germany,7011,"Glass envelopes (including bulbs and tubes), open and glass parts thereof, without fittings, for electric lamps, cathode-ray tubes or the like",17453171.764,4363292.941,64224.128500000006,2.477331188168089,24.09,0.842875,A,4.3,,,0.5,1.0,4394.132643463157,1.0,4394.132643463157,70,4.1,5.170285714285715,2.3047671862043926e-05,0.0004801927586014123,0.927463226391355,0.9999999985714286,0.4296582806275106,24.09,0.1804494382008955,0.8571428565306121,0.9968823964337776,0.8003109131515713,0.8988306866471181,0.56873593460947,"low GCC penetration (high entry room) | rising prices (+24%/yr) | stable market (A grade) | low landing cost (tariff 5.2%, LPI 4.1)",Qatar,filtered
USA,5001,Silk-worm cocoons suitable for reeling,25934.931506725825,6712.877713727641,152486.585,33.401087340599865,13.5,0.785875,A,5.343333333333334,0.21,False,0.8704800009727478,1.0,11348.479460616485,1.0,11348.479460616485,50,3.8,0.6611111111111111,1.5098935560098165e-07,0.0064742898918693555,0.8355833151955138,0.9999999985714286,0.8713681252572649,13.5,0.055287083298979085,0.6428571423979591,0.9996013600656586,0.4879812850567,0.7468358651297241,0.5683907055873128,"low GCC penetration (high entry room) | rising prices (+14%/yr) | stable market (A grade) | ML growth signal (87%) | low landing cost (tariff 0.7%, LPI 3.8)",United Arab Emirates,filtered
China,8542,Electronic integrated circuits,751206591669.6301,171611113646.65512,2607935.2873333334,98.59851783178212,-10.3,0.78525,A,0.0,0.0,False,0.4464546740055084,0.3,6179.073146008318,1.25,7723.841432510398,85,3.7,5.125675675675676,1.0,0.0024208340394816915,0.8345758600288925,0.0,0.36737650182095327,0.0,0.0,0.5714285710204083,0.9969092956078554,0.6445598032284932,0.7599036689074083,0.5678078309067489,"large addressable market | premium unit value ($99/kg) | stable market (A grade) | low landing cost (tariff 5.1%, LPI 3.7)",Bahrain,filtered
Germany,7011,"Glass envelopes (including bulbs and tubes), open and glass parts thereof, without fittings, for electric lamps, cathode-ray tubes or the like",17453171.764,4363292.941,26752.071,2.477331188168089,24.09,0.842875,A,4.3,0.0,False,0.5,1.0,3821.4860186311803,1.0,3821.4860186311803,70,4.1,5.170285714285715,2.3047671862043926e-05,6.08245214965473e-05,0.927463226391355,0.9999999985714286,0.4296582806275106,24.09,0.09865672864240045,0.8571428565306121,0.9968823964337776,0.8331919572090127,0.9070509476614784,0.5674858366982719,"low GCC penetration (high entry room) | rising prices (+24%/yr) | stable market (A grade) | low landing cost (tariff 5.2%, LPI 4.1)",Kuwait,filtered
Germany,7011,"Glass envelopes (including bulbs and tubes), open and glass parts thereof, without fittings, for electric lamps, cathode-ray tubes or the like",17453171.764,4363292.941,9973.992,2.477331188168089,24.09,0.842875,A,4.3,0.0,False,0.5,1.0,4972.311357537517,1.0,4972.311357537517,70,4.1,5.170285714285715,2.3233517859858788e-05,0.0004801927586014123,0.927463226391355,0.9999999985714286,0.4296582806275106,24.09,0.14617718446513242,0.8571428565306121,0.9968823964337776,0.7896796197110809,0.8961728632869954,0.5673091399548782,"low GCC penetration (high entry room) | rising prices (+24%/yr) | stable market (A grade) | low landing cost (tariff 5.2%, LPI 4.1)",Oman,filtered
Germany,7011,"Glass envelopes (including bulbs and tubes), open and glass parts thereof, without fittings, for electric lamps, cathode-ray tubes or the like",17453171.764,4363292.941,206356.79466666668,2.477331188168089,24.09,0.842875,A,4.3,0.1,False,0.5,1.0,4174.930911717803,1.0,4174.930911717803,70,4.1,5.170285714285715,4.8587945897373205e-05,6.08245214965473e-05,0.927463226391355,0.9999999985714286,0.4350415018189368,24.09,0.09865672864240045,0.8571428565306121,0.9968823964337776,0.8119466504417501,0.9017396209696628,0.567233844882151,"low GCC penetration (high entry room) | rising prices (+24%/yr) | stable market (A grade) | low landing cost (tariff 5.2%, LPI 4.1)",Saudi Arabia,filtered
China,8542,Electronic integrated circuits,751206591669.6301,171611113646.65512,2325749.7320000003,98.59851783178212,-10.3,0.78525,A,0.0,0.0,False,0.4464546740055084,0.3,6159.113078752698,1.25,7698.891348440873,85,3.7,5.125675675675676,0.9920009531515693,0.019111814559871237,0.8345758600288925,0.0,0.36737650182095327,0.0,0.0,0.5714285710204083,0.9969092956078554,0.646730135200011,0.7604462519002878,0.5670578252800004,"large addressable market | premium unit value ($99/kg) | stable market (A grade) | low landing cost (tariff 5.1%, LPI 3.7)",Qatar,filtered
Netherlands,5405,"Artificial monofilament of 67 decitex or more, no cross-sectional dimension exceeds 1mm; strip and the like (e.g. artificial straw), of artificial textile materials of a width not exceeding 5mm",49563.01621573587,13493.22333262349,1959398.0846666666,3.491563679732988,-4.27,0.8365000000000001,A,7.739999999999999,19.37,False,0.5489205121994019,1.0,4665.298001383305,1.0,4665.298001383305,54,4.1,5.909722222222222,1.3797865413597987e-07,8.572640231099905e-05,0.9171871836918204,0.9999999985714286,0.4926568166774808,0.0,0.0,0.8571428565306121,0.9964365274776833,0.788164910939242,0.895615838511598,0.5670515292399629,"low GCC penetration (high entry room) | stable market (A grade) | low landing cost (tariff 5.9%, LPI 4.1)",Saudi Arabia,filtered
Germany,7011,"Glass envelopes (including bulbs and tubes), open and glass parts thereof, without fittings, for electric lamps, cathode-ray tubes or the like",17453171.764,4363292.941,3573599.8375,2.477331188168089,24.09,0.842875,A,4.3,5.11,False,0.5,1.0,4637.259451606709,1.0,4637.259451606709,70,4.1,5.170285714285715,0.00010160979824281387,0.0004801927586014123,0.927463226391355,0.9999999985714286,0.4350415018189368,24.09,0.09865672864240045,0.8571428565306121,0.9968823964337776,0.7965566761668077,0.8978921274009272,0.5666993320865243,"low GCC penetration (high entry room) | rising prices (+24%/yr) | stable market (A grade) | low landing cost (tariff 5.2%, LPI 4.1)",United Arab Emirates,filtered
Netherlands,5405,"Artificial monofilament of 67 decitex or more, no cross-sectional dimension exceeds 1mm; strip and the like (e.g. artificial straw), of artificial textile materials of a width not exceeding 5mm",49563.01621573587,13493.22333262349,38977.555,3.491563679732988,-4.27,0.8365000000000001,A,7.739999999999999,0.03,False,0.5489205121994019,1.0,5165.972240441114,1.0,5165.972240441114,54,4.1,5.909722222222222,2.885485885364392e-07,0.0006767862138139445,0.9171871836918204,0.9999999985714286,0.4926568166774808,0.0,0.0,0.8571428565306121,0.9964365274776833,0.7722469745953398,0.8916363544256225,0.5664960184563554,"low GCC penetration (high entry room) | stable market (A grade) | low landing cost (tariff 5.9%, LPI 4.1)",United Arab Emirates,filtered
Germany,7011,"Glass envelopes (including bulbs and tubes), open and glass parts thereof, without fittings, for electric lamps, cathode-ray tubes or the like",17453171.764,4363292.941,3746.5363333333335,2.477331188168089,24.09,0.842875,A,4.3,0.0,False,0.5,1.0,4255.625774891001,1.0,4255.625774891001,70,4.1,5.170285714285715,2.3233517859858788e-05,6.08245214965473e-05,0.927463226391355,0.9999999985714286,0.4296582806275106,24.09,0.09865672864240045,0.8571428565306121,0.9968823964337776,0.8061965318299676,0.9003020913167171,0.566473554708057,"low GCC penetration (high entry room) | rising prices (+24%/yr) | stable market (A grade) | low landing cost (tariff 5.2%, LPI 4.1)",Bahrain,filtered
Netherlands,9109,Clock movements; complete and assembled,2337941.9660763275,586376.5973177182,204.161,42.22691944101905,57.2,0.8365000000000001,A,4.416666666666667,0.0,False,0.45941393574078876,1.0,5514.0668408475885,1.0,5514.0668408475885,91,4.1,4.203448275862069,3.1122490031404313e-06,0.008185042448287593,0.9171871836918204,0.9999999985714286,0.3824501960772184,57.2,0.3470873786386706,0.8571428565306121,0.9974653846886933,0.7652566619072756,0.8903003191380103,0.5662138563238643,"low GCC penetration (high entry room) | rising prices (+57%/yr) | stable market (A grade) | low landing cost (tariff 4.2%, LPI 4.1)",Oman,filtered
Netherlands,5405,"Artificial monofilament of 67 decitex or more, no cross-sectional dimension exceeds 1mm; strip and the like (e.g. artificial straw), of artificial textile materials of a width not exceeding 5mm",49563.01621573587,13493.22333262349,431.293,3.491563679732988,-4.27,0.8365000000000001,A,7.739999999999999,0.0,False,0.5489205121994019,1.0,4774.190518047728,1.0,4774.190518047728,54,4.1,5.909722222222222,6.597787714505703e-08,8.572640231099905e-05,0.9171871836918204,0.9999999985714286,0.4865606612427688,0.0,0.0,0.8571428565306121,0.9964365274776833,0.7820287415520554,0.8940817961648013,0.566211789344278,"low GCC penetration (high entry room) | stable market (A grade) | low landing cost (tariff 5.9%, LPI 4.1)",Bahrain,filtered
China,8542,Electronic integrated circuits,751206591669.6301,171611113646.65512,32533.3265,98.59851783178212,-10.3,0.78525,A,0.0,,,0.4464546740055084,0.3,6219.709522467952,1.25,7774.63690308494,85,3.7,5.125675675675676,0.9920009531515693,0.0024208340394816915,0.8345758600288925,0.0,0.36737650182095327,0.0,0.0,0.5714285710204083,0.9969092956078554,0.64572857954721,0.7601958629870875,0.565851898306593,"large addressable market | premium unit value ($99/kg) | stable market (A grade) | low landing cost (tariff 5.1%, LPI 3.7)",Kuwait,filtered
Netherlands,5405,"Artificial monofilament of 67 decitex or more, no cross-sectional dimension exceeds 1mm; strip and the like (e.g. artificial straw), of artificial textile materials of a width not exceeding 5mm",49563.01621573587,13493.22333262349,45464.23933333333,3.491563679732988,-4.27,0.8365000000000001,A,7.739999999999999,0.34,False,0.5489205121994019,1.0,5514.0668408475885,1.0,5514.0668408475885,54,4.1,5.909722222222222,6.597787714505703e-08,0.0006767862138139445,0.9171871836918204,0.9999999985714286,0.4865606612427688,0.0,0.0,0.8571428565306121,0.9964365274776833,0.7652566619072756,0.8898887762536064,0.5656242105444039,"low GCC penetration (high entry room) | stable market (A grade) | low landing cost (tariff 5.9%, LPI 4.1)",Oman,filtered
Netherlands,9109,Clock movements; complete and assembled,2337941.9660763275,586376.5973177182,35912.28866666667,42.22691944101905,57.2,0.8365000000000001,A,4.416666666666667,0.0,False,0.45941393574078876,1.0,4341.137240517271,1.0,4341.137240517271,91,4.1,4.203448275862069,3.0873539775603293e-06,0.0010367738401471107,0.9171871836918204,0.9999999985714286,0.3824501960772184,57.2,0.23425341960752621,0.8571428565306121,0.9974653846886933,0.8085494439055242,0.9011235146375725,0.563951931851538,"low GCC penetration (high entry room) | rising prices (+57%/yr) | stable market (A grade) | low landing cost (tariff 4.2%, LPI 4.1)",Kuwait,filtered
Netherlands,9109,Clock movements; complete and assembled,2337941.9660763275,586376.5973177182,13129.244333333334,42.22691944101905,57.2,0.8365000000000001,A,4.416666666666667,0.0,False,0.45941393574078876,1.0,4665.298001383305,1.0,4665.298001383305,91,4.1,4.203448275862069,6.508604813780882e-06,0.0010367738401471107,0.9171871836918204,0.9999999985714286,0.38724194359615627,57.2,0.23425341960752621,0.8571428565306121,0.9974653846886933,0.788164910939242,0.8960273813960019,0.5636675419299052,"low GCC penetration (high entry room) | rising prices (+57%/yr) | stable market (A grade) | low landing cost (tariff 4.2%, LPI 4.1)",Saudi Arabia,filtered
Netherlands,9109,Clock movements; complete and assembled,2337941.9660763275,586376.5973177182,3133892.065,42.22691944101905,57.2,0.8365000000000001,A,4.416666666666667,1.19,False,0.45941393574078876,1.0,5165.972240441114,1.0,5165.972240441114,91,4.1,4.203448275862069,1.3611154160897265e-05,0.008185042448287593,0.9171871836918204,0.9999999985714286,0.38724194359615627,57.2,0.23425341960752621,0.8571428565306121,0.9974653846886933,0.7722469745953398,0.8920478973100263,0.5635727737569156,"low GCC penetration (high entry room) | rising prices (+57%/yr) | stable market (A grade) | low landing cost (tariff 4.2%, LPI 4.1)",United Arab Emirates,filtered
Netherlands,9109,Clock movements; complete and assembled,2337941.9660763275,586376.5973177182,1134254.9179999998,42.22691944101905,57.2,0.8365000000000001,A,4.416666666666667,4.12,False,0.45941393574078876,1.0,4774.190518047728,1.0,4774.190518047728,91,4.1,4.203448275862069,3.1122490031404313e-06,0.0010367738401471107,0.9171871836918204,0.9999999985714286,0.3824501960772184,57.2,0.23425341960752621,0.8571428565306121,0.9974653846886933,0.7820287415520554,0.8944933390492052,0.5629574117370393,"low GCC penetration (high entry room) | rising prices (+57%/yr) | stable market (A grade) | low landing cost (tariff 4.2%, LPI 4.1)",Bahrain,filtered
United Arab Emirates,9103,"Clocks; with watch movements, excluding clocks of heading no. 9104",6174508.992349459,1269352.2678302827,8314.835,111.78304654795602,24.85,0.8436250000000002,A,9.290000000000001,,,0.3969478905200958,1.0,303.6592641976991,1.0,303.6592641976991,91,4.0,4.801974286720676,8.153707480175224e-06,0.02166743378644738,0.9286721725913007,0.9999999985714286,0.3097921939248767,24.85,0.18614232209598397,0.7857142851530613,0.9971044826169231,0.9904059064203682,0.9214432694554326,0.5620331724981493,"low GCC penetration (high entry room) | rising prices (+25%/yr) | premium unit value ($112/kg) | stable market (A grade) | proximity advantage (1.0x sensitivity) | low landing cost (tariff 4.8%, LPI 4.0)",Qatar,filtered
United Arab Emirates,2509,Chalk,476505.028,119126.257,4182129.14,0.05603377927510886,-9.28,0.8436250000000002,A,8.806666666666667,6.3,False,0.45254938801129657,1.0,773.8595781115821,0.7,541.7017046781074,25,4.0,4.801974286720676,1.3265440135096756e-06,1.3757659162931404e-06,0.9286721725913007,0.9999999985714286,0.37915733734379103,0.0,0.0,0.7857142851530613,0.9971044826169231,0.9881503810258345,0.9208793881067993,0.5617825041225624,"low GCC penetration (high entry room) | stable market (A grade) | proximity advantage (0.7x sensitivity) | low landing cost (tariff 4.8%, LPI 4.0)",Saudi Arabia,filtered
United Arab Emirates,2509,Chalk,476505.028,119126.257,27.741333333333333,0.05603377927510886,-9.28,0.8436250000000002,A,8.806666666666667,0.0,False,0.45254938801129657,1.0,438.48270370145906,0.7,306.9378925910213,25,4.0,4.801974286720676,6.343195510850364e-07,1.0861291043154422e-05,0.9286721725913007,0.9999999985714286,0.3744656290705805,0.0,0.0,0.7857142851530613,0.9971044826169231,1.0,0.9238417928503406,0.5617581849374158,"low GCC penetration (high entry room) | stable market (A grade) | proximity advantage (0.7x sensitivity) | low landing cost (tariff 4.8%, LPI 4.0)",Oman,filtered
United Arab Emirates,2509,Chalk,476505.028,119126.257,5267.242,0.05603377927510886,-9.28,0.8436250000000002,A,8.806666666666667,,,0.45254938801129657,1.0,426.25749275648013,0.7,298.38024492953605,25,4.0,4.801974286720676,6.343195510850364e-07,1.3757659162931404e-06,0.9286721725913007,0.9999999985714286,0.3744656290705805,0.0,0.0,0.7857142851530613,0.9971044826169231,0.9906245734745375,0.921497936218975,0.5614059424559521,"low GCC penetration (high entry room) | stable market (A grade) | proximity advantage (0.7x sensitivity) | low landing cost (tariff 4.8%, LPI 4.0)",Bahrain,filtered
United Arab Emirates,2509,Chalk,476505.028,119126.257,114.107,0.05603377927510886,-9.28,0.8436250000000002,A,8.806666666666667,0.0,False,0.45254938801129657,1.0,834.9841841789903,0.7,584.4889289252932,25,4.0,4.801974286720676,6.292455992790317e-07,1.3757659162931404e-06,0.9286721725913007,0.9999999985714286,0.3744656290705805,0.0,0.0,0.7857142851530613,0.9971044826169231,0.9866944228761031,0.9205153985693664,0.5612585605400229,"low GCC penetration (high entry room) | stable market (A grade) | proximity advantage (0.7x sensitivity) | low landing cost (tariff 4.8%, LPI 4.0)",Kuwait,filtered
United Arab Emirates,9103,"Clocks; with watch movements, excluding clocks of heading no. 9104",6174508.992349459,1269352.2678302827,280.884,111.78304654795602,24.85,0.8436250000000002,A,9.290000000000001,,,0.3969478905200958,1.0,438.48270370145906,1.0,438.48270370145906,91,4.0,4.801974286720676,8.219455288093265e-06,0.02166743378644738,0.9286721725913007,0.9999999985714286,0.3097921939248767,24.85,0.15078883495054135,0.7857142851530613,0.9971044826169231,0.9940698092219936,0.922359245155839,0.561109980675799,"low GCC penetration (high entry room) | rising prices (+25%/yr) | premium unit value ($112/kg) | stable market (A grade) | proximity advantage (1.0x sensitivity) | low landing cost (tariff 4.8%, LPI 4.0)",Oman,filtered
Germany,9109,Clock movements; complete and assembled,26580266.309445582,6894607.35080024,204.161,42.22691944101905,57.2,0.842875,A,4.416666666666667,0.0,False,0.38863856593767804,1.0,4972.311357537517,1.0,4972.311357537517,91,4.1,4.203448275862069,3.5383430609106264e-05,0.008185042448287593,0.927463226391355,0.9999999985714286,0.30012712034352856,57.2,0.3470873786386706,0.8571428565306121,0.9974653846886933,0.7896796197110809,0.8964060585889617,0.5609606860034464,"low GCC penetration (high entry room) | rising prices (+57%/yr) | stable market (A grade) | low landing cost (tariff 4.2%, LPI 4.1)",Oman,filtered
Netherlands,5001,Silk-worm cocoons suitable for reeling,38363.33384556157,11604.79247542195,152486.585,33.401087340599865,13.5,0.8365000000000001,A,5.343333333333334,0.21,False,0.48211225867271423,1.0,5165.972240441114,1.0,5165.972240441114,50,4.1,3.086666666666667,2.2334568551085189e-07,0.0064742898918693555,0.9171871836918204,0.9999999985714286,0.4139745137122105,13.5,0.055287083298979085,0.8571428565306121,0.9981387869956295,0.7722469745953398,0.892317258232801,0.5607943451866126,"low GCC penetration (high entry room) | rising prices (+14%/yr) | stable market (A grade) | low landing cost (tariff 3.1%, LPI 4.1)",United Arab Emirates,filtered
Australia,2601,Iron ores and concentrates; including roasted iron pyrites,359207853751.7175,86029061624.14539,920942.199,0.15226669354797528,-3.57,0.7483749999999999,B,0.0,0.0,False,0.5,0.3,12628.391584239422,0.7,8839.874108967595,26,3.7,0.0,1.0,3.7385186200177115e-06,0.7751360051982494,0.0,0.4350415018189368,0.0,0.0,0.5714285710204083,1.0,0.585707030677161,0.7464267575264332,0.560495626546812,"large addressable market | low landing cost (tariff 0.0%, LPI 3.7)",Saudi Arabia,filtered
Switzerland,2509,Chalk,1657805.248,414451.312,4182129.14,0.05603377927510886,-9.28,0.7815,A,8.806666666666667,6.3,False,0.6087860266367594,1.0,4259.9122969949585,0.7,2981.938607896471,25,4.1,0.0,4.615169826286331e-06,1.3757659162931404e-06,0.8285311290291663,0.9999999985714286,0.5631624248243889,0.0,0.0,0.8571428565306121,1.0,0.8698041877763395,0.9174510467297992,0.5596413751080984,"low GCC penetration (high entry room) | stable market (A grade) | proximity advantage (0.7x sensitivity) | low landing cost (tariff 0.0%, LPI 4.1)",Saudi Arabia,filtered
Switzerland,2509,Chalk,1657805.248,414451.312,114.107,0.05603377927510886,-9.28,0.7815,A,8.806666666666667,0.0,False,0.6087860266367594,1.0,3991.6177710093884,0.7,2794.132439706572,25,4.1,0.0,2.189203881319136e-06,1.3757659162931404e-06,0.8285311290291663,0.9999999985714286,0.5561938301343325,0.0,0.0,0.8571428565306121,1.0,0.8819103536445084,0.9204775881968413,0.559397890367663,"low GCC penetration (high entry room) | stable market (A grade) | proximity advantage (0.7x sensitivity) | low landing cost (tariff 0.0%, LPI 4.1)",Kuwait,filtered
Switzerland,2509,Chalk,1657805.248,414451.312,181625.2315,0.05603377927510886,-9.28,0.7815,A,8.806666666666667,0.09,False,0.6087860266367594,1.0,4826.211649352584,0.7,3378.3481545468085,25,4.1,0.0,9.651498252175112e-06,1.0861291043154422e-05,0.8285311290291663,0.9999999985714286,0.5631624248243889,0.0,0.0,0.8571428565306121,1.0,0.8544401973956863,0.9136100491346358,0.5590671485376894,"low GCC penetration (high entry room) | stable market (A grade) | proximity advantage (0.7x sensitivity) | low landing cost (tariff 0.0%, LPI 4.1)",United Arab Emirates,filtered
Germany,9109,Clock movements; complete and assembled,26580266.309445582,6894607.35080024,35912.28866666667,42.22691944101905,57.2,0.842875,A,4.416666666666667,0.0,False,0.38863856593767804,1.0,3821.4860186311803,1.0,3821.4860186311803,91,4.1,4.203448275862069,3.510039689000583e-05,0.0010367738401471107,0.927463226391355,0.9999999985714286,0.30012712034352856,57.2,0.23425341960752621,0.8571428565306121,0.9974653846886933,0.8331919572090127,0.9072841429634446,0.5587069303276848,"low GCC penetration (high entry room) | rising prices (+57%/yr) | stable market (A grade) | low landing cost (tariff 4.2%, LPI 4.1)",Kuwait,filtered
Switzerland,2509,Chalk,1657805.248,414451.312,5267.242,0.05603377927510886,-9.28,0.7815,A,8.806666666666667,,,0.6087860266367594,1.0,4417.145069062916,0.7,3092.001548344041,25,4.1,0.0,2.2068566308974547e-06,1.3757659162931404e-06,0.8285311290291663,0.9999999985714286,0.5561938301343325,0.0,0.0,0.8571428565306121,1.0,0.8604274193721725,0.9151068546287574,0.5585922847456377,"low GCC penetration (high entry room) | stable market (A grade) | proximity advantage (0.7x sensitivity) | low landing cost (tariff 0.0%, LPI 4.1)",Bahrain,filtered
Germany,9109,Clock movements; complete and assembled,26580266.309445582,6894607.35080024,13129.244333333334,42.22691944101905,57.2,0.842875,A,4.416666666666667,0.0,False,0.38863856593767804,1.0,4174.930911717803,1.0,4174.930911717803,91,4.1,4.203448275862069,7.399689631457143e-05,0.0010367738401471107,0.927463226391355,0.9999999985714286,0.3038874358016535,57.2,0.23425341960752621,0.8571428565306121,0.9974653846886933,0.8119466504417501,0.901972816271629,0.5582959869945812,"low GCC penetration (high entry room) | rising prices (+57%/yr) | stable market (A grade) | low landing cost (tariff 4.2%, LPI 4.1)",Saudi Arabia,filtered
Germany,9109,Clock movements; complete and assembled,26580266.309445582,6894607.35080024,3133892.065,42.22691944101905,57.2,0.842875,A,4.416666666666667,1.19,False,0.38863856593767804,1.0,4637.259451606709,1.0,4637.259451606709,91,4.1,4.203448275862069,0.0001547463998786684,0.008185042448287593,0.927463226391355,0.9999999985714286,0.3038874358016535,57.2,0.23425341960752621,0.8571428565306121,0.9974653846886933,0.7965566761668077,0.8981253227028934,0.5582394291377317,"low GCC penetration (high entry room) | rising prices (+57%/yr) | stable market (A grade) | low landing cost (tariff 4.2%, LPI 4.1)",United Arab Emirates,filtered
Switzerland,2509,Chalk,1657805.248,414451.312,27.741333333333333,0.05603377927510886,-9.28,0.7815,A,8.806666666666667,0.0,False,0.6087860266367594,1.0,5202.84326558878,0.7,3641.9902859121457,25,4.1,0.0,2.2068566308974547e-06,1.0861291043154422e-05,0.8285311290291663,0.9999999985714286,0.5561938301343325,0.0,0.0,0.8571428565306121,1.0,0.8496520175893758,0.9124130041830583,0.5581888711655417,"low GCC penetration (high entry room) | stable market (A grade) | low landing cost (tariff 0.0%, LPI 4.1)",Oman,filtered
United Arab Emirates,9103,"Clocks; with watch movements, excluding clocks of heading no. 9104",6174508.992349459,1269352.2678302827,999704.7749999999,111.78304654795602,24.85,0.8436250000000002,A,9.290000000000001,4.89,False,0.3969478905200958,1.0,773.8595781115821,1.0,773.8595781115821,91,4.0,4.801974286720676,1.7189237172462396e-05,0.0027445463691649005,0.9286721725913007,0.9999999985714286,0.31367360382308507,24.85,0.1017691866651578,0.7857142851530613,0.9971044826169231,0.9768912280651061,0.9180645998666171,0.5580609757499364,"low GCC penetration (high entry room) | rising prices (+25%/yr) | premium unit value ($112/kg) | stable market (A grade) | proximity advantage (1.0x sensitivity) | low landing cost (tariff 4.8%, LPI 4.0)",Saudi Arabia,filtered
United Arab Emirates,9103,"Clocks; with watch movements, excluding clocks of heading no. 9104",6174508.992349459,1269352.2678302827,5484.832333333333,111.78304654795602,24.85,0.8436250000000002,A,9.290000000000001,0.01,False,0.3969478905200958,1.0,426.25749275648013,1.0,426.25749275648013,91,4.0,4.801974286720676,8.219455288093265e-06,0.0027445463691649005,0.9286721725913007,0.9999999985714286,0.3097921939248767,24.85,0.1017691866651578,0.7857142851530613,0.9971044826169231,0.9846648345073549,0.9200080014771793,0.5579621025562288,"low GCC penetration (high entry room) | rising prices (+25%/yr) | premium unit value ($112/kg) | stable market (A grade) | proximity advantage (1.0x sensitivity) | low landing cost (tariff 4.8%, LPI 4.0)",Bahrain,filtered
Belgium,5405,"Artificial monofilament of 67 decitex or more, no cross-sectional dimension exceeds 1mm; strip and the like (e.g. artificial straw), of artificial textile materials of a width not exceeding 5mm",0.0,0.0,1959398.0846666666,3.491563679732988,-4.27,0.809875,A,7.739999999999999,19.37,False,0.5759116510550181,1.0,4632.009105806679,1.0,4632.009105806679,54,4.0,5.909722222222222,0.0,8.572640231099905e-05,0.8742695935937628,0.9999999985714286,0.5244451789337539,0.0,0.0,0.7857142851530613,0.9964365274776833,0.789779350120855,0.8710194483248586,0.5579573544233042,"low GCC penetration (high entry room) | stable market (A grade) | low landing cost (tariff 5.9%, LPI 4.0)",Saudi Arabia,filtered
Germany,9109,Clock movements; complete and assembled,26580266.309445582,6894607.35080024,1134254.9179999998,42.22691944101905,57.2,0.842875,A,4.416666666666667,4.12,False,0.38863856593767804,1.0,4255.625774891001,1.0,4255.625774891001,91,4.1,4.203448275862069,3.5383430609106264e-05,0.0010367738401471107,0.927463226391355,0.9999999985714286,0.30012712034352856,57.2,0.23425341960752621,0.8571428565306121,0.9974653846886933,0.8061965318299676,0.9005352866186833,0.5576946726344004,"low GCC penetration (high entry room) | rising prices (+57%/yr) | stable market (A grade) | low landing cost (tariff 4.2%, LPI 4.1)",Bahrain,filtered
Switzerland,5001,Silk-worm cocoons suitable for reeling,44836.85353918333,10163.62040803199,152486.585,33.401087340599865,13.5,0.7815,A,5.343333333333334,0.21,False,0.5997799436251322,1.0,4826.211649352584,1.0,4826.211649352584,50,4.1,0.0,2.6103356476192034e-07,0.0064742898918693555,0.8285311290291663,0.9999999985714286,0.5525556612189287,13.5,0.055287083298979085,0.8571428565306121,1.0,0.7878688372578951,0.896967209100188,0.5576187510568315,"low GCC penetration (high entry room) | rising prices (+14%/yr) | stable market (A grade) | low landing cost (tariff 0.0%, LPI 4.1)",United Arab Emirates,filtered
United Arab Emirates,9103,"Clocks; with watch movements, excluding clocks of heading no. 9104",6174508.992349459,1269352.2678302827,186919.79633333333,111.78304654795602,24.85,0.8436250000000002,A,9.290000000000001,0.33,False,0.3969478905200958,1.0,834.9841841789903,1.0,834.9841841789903,91,4.0,4.801974286720676,8.153707480175224e-06,0.0027445463691649005,0.9286721725913007,0.9999999985714286,0.3097921939248767,24.85,0.1017691866651578,0.7857142851530613,0.9971044826169231,0.9748156234043238,0.9175456987014216,0.5575927407029131,"low GCC penetration (high entry room) | rising prices (+25%/yr) | premium unit value ($112/kg) | stable market (A grade) | proximity advantage (1.0x sensitivity) | low landing cost (tariff 4.8%, LPI 4.0)",Kuwait,filtered
Belgium,5405,"Artificial monofilament of 67 decitex or more, no cross-sectional dimension exceeds 1mm; strip and the like (e.g. artificial straw), of artificial textile materials of a width not exceeding 5mm",0.0,0.0,38977.555,3.491563679732988,-4.27,0.809875,A,7.739999999999999,0.03,False,0.5759116510550181,1.0,5155.136506204554,1.0,5155.136506204554,54,4.0,5.909722222222222,0.0,0.0006767862138139445,0.8742695935937628,0.9999999985714286,0.5244451789337539,0.0,0.0,0.7857142851530613,0.9964365274776833,0.772745191152914,0.8667609085828732,0.5573599476488116,"low GCC penetration (high entry room) | stable market (A grade) | low landing cost (tariff 5.9%, LPI 4.0)",United Arab Emirates,filtered
Belgium,5405,"Artificial monofilament of 67 decitex or more, no cross-sectional dimension exceeds 1mm; strip and the like (e.g. artificial straw), of artificial textile materials of a width not exceeding 5mm",0.0,0.0,431.293,3.491563679732988,-4.27,0.809875,A,7.739999999999999,0.0,False,0.5759116510550181,1.0,4757.178028156556,1.0,4757.178028156556,54,4.0,5.909722222222222,0.0,8.572640231099905e-05,0.8742695935937628,0.9999999985714286,0.5179556730149542,0.0,0.0,0.7857142851530613,0.9964365274776833,0.782821611281864,0.8692800136151108,0.5570474886249621,"low GCC penetration (high entry room) | stable market (A grade) | low landing cost (tariff 5.9%, LPI 4.0)",Bahrain,filtered
Belgium,5405,"Artificial monofilament of 67 decitex or more, no cross-sectional dimension exceeds 1mm; strip and the like (e.g. artificial straw), of artificial textile materials of a width not exceeding 5mm",0.0,0.0,45464.23933333333,3.491563679732988,-4.27,0.809875,A,7.739999999999999,0.34,False,0.5759116510550181,1.0,5512.731076201994,1.0,5512.731076201994,54,4.0,5.909722222222222,0.0,0.0006767862138139445,0.8742695935937628,0.9999999985714286,0.5179556730149542,0.0,0.0,0.7857142851530613,0.9964365274776833,0.7653168797077045,0.8649038307215708,0.5564324353777363,"low GCC penetration (high entry room) | stable market (A grade) | low landing cost (tariff 5.9%, LPI 4.0)",Oman,filtered
Switzerland,9109,Clock movements; complete and assembled,1879962.7268972844,493887.04427105054,204.161,42.22691944101905,57.2,0.7815,A,4.416666666666667,0.0,False,0.5164603988329569,1.0,5202.84326558878,1.0,5202.84326558878,91,4.1,4.801974286720676,2.5025908288675732e-06,0.008185042448287593,0.8285311290291663,0.9999999985714286,0.4488043573417957,57.2,0.3470873786386706,0.8571428565306121,0.9971044826169231,0.7792869772068163,0.8936635371341876,0.5556223918026741,"low GCC penetration (high entry room) | rising prices (+57%/yr) | stable market (A grade) | low landing cost (tariff 4.8%, LPI 4.1)",Oman,filtered
Switzerland,9109,Clock movements; complete and assembled,1879962.7268972844,493887.04427105054,35912.28866666667,42.22691944101905,57.2,0.7815,A,4.416666666666667,0.0,False,0.5164603988329569,1.0,3991.6177710093884,1.0,3991.6177710093884,91,4.1,4.801974286720676,2.482572487585009e-06,0.0010367738401471107,0.8285311290291663,0.9999999985714286,0.4488043573417957,57.2,0.23425341960752621,0.8571428565306121,0.9971044826169231,0.825124095930617,0.9051228168151377,0.5534558811767272,"low GCC penetration (high entry room) | rising prices (+57%/yr) | stable market (A grade) | low landing cost (tariff 4.8%, LPI 4.1)",Kuwait,filtered
Switzerland,9109,Clock movements; complete and assembled,1879962.7268972844,493887.04427105054,13129.244333333334,42.22691944101905,57.2,0.7815,A,4.416666666666667,0.0,False,0.5164603988329569,1.0,4259.9122969949585,1.0,4259.9122969949585,91,4.1,4.801974286720676,5.233634808543758e-06,0.0010367738401471107,0.8285311290291663,0.9999999985714286,0.45442746118077726,57.2,0.23425341960752621,0.8571428565306121,0.9971044826169231,0.8078252377086848,0.9007981022596547,0.5533701721428832,"low GCC penetration (high entry room) | rising prices (+57%/yr) | stable market (A grade) | low landing cost (tariff 4.8%, LPI 4.1)",Saudi Arabia,filtered
Belgium,9103,"Clocks; with watch movements, excluding clocks of heading no. 9104",1695355.6801817375,361467.68409934273,8314.835,111.78304654795602,24.85,0.809875,A,9.290000000000001,,,0.48441892862319946,1.0,4896.004109286467,1.0,4896.004109286467,91,4.0,4.203448275862069,2.238790859027552e-06,0.02166743378644738,0.8742695935937628,0.9999999985714286,0.4115350023948054,24.85,0.18614232209598397,0.7857142851530613,0.9974653846886933,0.7769876338946813,0.8682330621527191,0.5533439277210723,"low GCC penetration (high entry room) | rising prices (+25%/yr) | premium unit value ($112/kg) | stable market (A grade) | low landing cost (tariff 4.2%, LPI 4.0)",Qatar,filtered
Switzerland,9109,Clock movements; complete and assembled,1879962.7268972844,493887.04427105054,3133892.065,42.22691944101905,57.2,0.7815,A,4.416666666666667,1.19,False,0.5164603988329569,1.0,4826.211649352584,1.0,4826.211649352584,91,4.1,4.801974286720676,1.0944866409786814e-05,0.008185042448287593,0.8285311290291663,0.9999999985714286,0.45442746118077726,57.2,0.23425341960752621,0.8571428565306121,0.9971044826169231,0.7878688372578951,0.8958090021469572,0.5531236137364487,"low GCC penetration (high entry room) | rising prices (+57%/yr) | stable market (A grade) | low landing cost (tariff 4.8%, LPI 4.1)",United Arab Emirates,filtered
Germany,5113,Woven fabrics of coarse animal hair or of horsehair,282737.632,70684.408,49827.743,1.9255550402017128,-17.22,0.842875,A,5.166666666666667,,,0.397571603457133,1.0,3821.4860186311803,1.0,3821.4860186311803,51,4.1,3.4628947368421055,3.733673313654401e-07,4.727707159014999e-05,0.927463226391355,0.9999999985714286,0.31051767183470086,0.0,0.0,0.8571428565306121,0.9979119271975238,0.8331919572090127,0.9074627599669769,0.5526672289079175,"low GCC penetration (high entry room) | stable market (A grade) | low landing cost (tariff 3.5%, LPI 4.1)",Kuwait,filtered
Switzerland,9109,Clock movements; complete and assembled,1879962.7268972844,493887.04427105054,1134254.9179999998,42.22691944101905,57.2,0.7815,A,4.416666666666667,4.12,False,0.5164603988329569,1.0,4417.145069062916,1.0,4417.145069062916,91,4.1,4.801974286720676,2.5025908288675732e-06,0.0010367738401471107,0.8285311290291663,0.9999999985714286,0.4488043573417957,57.2,0.23425341960752621,0.8571428565306121,0.9971044826169231,0.7986689000754048,0.8985090178513346,0.552463816336742,"low GCC penetration (high entry room) | rising prices (+57%/yr) | stable market (A grade) | low landing cost (tariff 4.8%, LPI 4.1)",Bahrain,filtered
Germany,5113,Woven fabrics of coarse animal hair or of horsehair,282737.632,70684.408,448.8,1.9255550402017128,-17.22,0.842875,A,5.166666666666667,0.0,False,0.397571603457133,1.0,4174.930911717803,1.0,4174.930911717803,51,4.1,3.4628947368421055,7.871142822935788e-07,4.727707159014999e-05,0.927463226391355,0.9999999985714286,0.31440817130067544,0.0,0.0,0.8571428565306121,0.9979119271975238,0.8119466504417501,0.9021514332751612,0.5522596832874803,"low GCC penetration (high entry room) | stable market (A grade) | low landing cost (tariff 3.5%, LPI 4.1)",Saudi Arabia,filtered
Netherlands,9103,"Clocks; with watch movements, excluding clocks of heading no. 9104",2389203.332,597300.833,8314.835,111.78304654795602,24.85,0.8365000000000001,A,9.290000000000001,,,0.3580024341742198,1.0,4913.055554838584,1.0,4913.055554838584,91,4.1,4.203448275862069,3.1550468391779473e-06,0.02166743378644738,0.9171871836918204,0.9999999985714286,0.2644923987960952,24.85,0.18614232209598397,0.8571428565306121,0.9974653846886933,0.7761952086355698,0.8930349558200839,0.5509436984949125,"low GCC penetration (high entry room) | rising prices (+25%/yr) | premium unit value ($112/kg) | stable market (A grade) | low landing cost (tariff 4.2%, LPI 4.1)",Qatar,filtered
Netherlands,7011,"Glass envelopes (including bulbs and tubes), open and glass parts thereof, without fittings, for electric lamps, cathode-ray tubes or the like",4549519.416,1137379.854,64224.128500000006,2.477331188168089,24.09,0.8365000000000001,A,4.3,,,0.35422398646672565,1.0,4913.055554838584,1.0,4913.055554838584,70,4.1,5.170285714285715,6.007838119501459e-06,0.0004801927586014123,0.9171871836918204,0.9999999985714286,0.26009745974250714,24.09,0.1804494382008955,0.8571428565306121,0.9968823964337776,0.7761952086355698,0.8928017605181177,0.548816045103277,"low GCC penetration (high entry room) | rising prices (+24%/yr) | stable market (A grade) | low landing cost (tariff 5.2%, LPI 4.1)",Qatar,filtered
Spain,9103,"Clocks; with watch movements, excluding clocks of heading no. 9104",4059676.572,1014919.143,8314.835,111.78304654795602,24.85,0.7492500000000001,B,9.290000000000001,,,0.6484204133351644,1.0,5337.9121476219425,1.0,5337.9121476219425,91,3.9,4.203448275862069,5.36097935450785e-06,0.02166743378644738,0.7765464424315192,0.9999999985714286,0.6022949614588027,24.85,0.18614232209598397,0.7142857137755102,0.9974653846886933,0.7564510118991374,0.8380989066716903,0.5483559506199929,"low GCC penetration (high entry room) | rising prices (+25%/yr) | premium unit value ($112/kg) | low landing cost (tariff 4.2%, LPI 3.9)",Qatar,filtered
Switzerland,9103,"Clocks; with watch movements, excluding clocks of heading no. 9104",81989636.37321186,15566606.245046088,8314.835,111.78304654795602,24.85,0.7815,A,9.290000000000001,,,0.4530980388323466,1.0,4555.200861483548,1.0,4555.200861483548,91,4.1,4.801974286720676,0.00010827087825468148,0.02166743378644738,0.8285311290291663,0.9999999985714286,0.3751037977331859,24.85,0.18614232209598397,0.8571428565306121,0.9971044826169231,0.7928256519161342,0.897048205811517,0.5449018939126598,"low GCC penetration (high entry room) | rising prices (+25%/yr) | premium unit value ($112/kg) | stable market (A grade) | low landing cost (tariff 4.8%, LPI 4.1)",Qatar,filtered
Sweden,9103,"Clocks; with watch movements, excluding clocks of heading no. 9104",1006469.044,251617.261,8314.835,111.78304654795602,24.85,0.7691250000000001,A,9.290000000000001,,,0.48913872241973877,1.0,4587.028337534158,1.0,4587.028337534158,91,4.0,4.203448275862069,1.3290861156402617e-06,0.02166743378644738,0.808583516730069,0.9999999985714286,0.4170248775200192,24.85,0.18614232209598397,0.7857142851530613,0.9974653846886933,0.7913465458849662,0.8718227901502904,0.5412939316343047,"low GCC penetration (high entry room) | rising prices (+25%/yr) | premium unit value ($112/kg) | stable market (A grade) | low landing cost (tariff 4.2%, LPI 4.0)",Qatar,filtered
Belgium,7011,"Glass envelopes (including bulbs and tubes), open and glass parts thereof, without fittings, for electric lamps, cathode-ray tubes or the like",1876270.084,469067.521,64224.128500000006,2.477331188168089,24.09,0.809875,A,4.3,,,0.35789428154627484,1.0,4896.004109286467,1.0,4896.004109286467,70,4.0,5.170285714285715,2.477696192149937e-06,0.0004801927586014123,0.8742695935937628,0.9999999985714286,0.26436659999058026,24.09,0.1804494382008955,0.7857142851530613,0.9968823964337776,0.7769876338946813,0.8679998668507528,0.5369382745228862,"low GCC penetration (high entry room) | rising prices (+24%/yr) | stable market (A grade) | low landing cost (tariff 5.2%, LPI 4.0)",Qatar,filtered
Singapore,8542,Electronic integrated circuits,538138151559.6487,125711774644.56984,2325749.7320000003,98.59851783178212,-10.3,0.887875,A,0.0,0.0,False,0.30811355511347455,0.3,6202.9656289538425,1.25,7753.707036192303,85,4.3,0.0,0.7106348176310565,0.019111814559871237,0.9999999983880717,0.0,0.20646365262900543,0.0,0.0,0.9999999992857143,1.0,0.6441827068639774,0.9110456764659943,0.5362997478373692,"large addressable market | premium unit value ($99/kg) | stable market (A grade) | low landing cost (tariff 0.0%, LPI 4.3)",Qatar,filtered
Japan,9103,"Clocks; with watch movements, excluding clocks of heading no. 9104",212200.46,53050.115,8314.835,111.78304654795602,24.85,0.73825,B,9.290000000000001,,,0.592936098575592,1.0,8255.260947992427,1.0,8255.260947992427,91,3.9,0.1875,2.8021993006123367e-07,0.02166743378644738,0.7588152314989882,0.9999999985714286,0.5377578285735796,24.85,0.18614232209598397,0.7142857137755102,0.9998869403547561,0.6208741851728511,0.8051733222565438,0.5334158872928363,"low GCC penetration (high entry room) | rising prices (+25%/yr) | premium unit value ($112/kg) | low landing cost (tariff 0.2%, LPI 3.9)",Qatar,filtered
Sweden,7011,"Glass envelopes (including bulbs and tubes), open and glass parts thereof, without fittings, for electric lamps, cathode-ray tubes or the like",2827498.2413218105,354717.3148482507,64224.128500000006,2.477331188168089,24.09,0.7691250000000001,A,4.3,,,0.4257182677586873,1.0,4587.028337534158,1.0,4587.028337534158,70,4.0,5.170285714285715,3.733834316058782e-06,0.0004801927586014123,0.808583516730069,0.9999999985714286,0.3432567445289669,24.09,0.1804494382008955,0.7857142851530613,0.9968823964337776,0.7913465458849662,0.8715895948483241,0.5322288468381529,"low GCC penetration (high entry room) | rising prices (+24%/yr) | stable market (A grade) | low landing cost (tariff 5.2%, LPI 4.0)",Qatar,filtered
Switzerland,7011,"Glass envelopes (including bulbs and tubes), open and glass parts thereof, without fittings, for electric lamps, cathode-ray tubes or the like",3497501.7053045584,779046.2046428774,64224.128500000006,2.477331188168089,24.09,0.7815,A,4.3,,,0.35518745581309,1.0,4555.200861483548,1.0,4555.200861483548,70,4.1,0.0,4.618603009859115e-06,0.0004801927586014123,0.8285311290291663,0.9999999985714286,0.26121812870105154,24.09,0.1804494382008955,0.8571428565306121,1.0,0.7928256519161342,0.8982064127647478,0.5320072515948178,"low GCC penetration (high entry room) | rising prices (+24%/yr) | stable market (A grade) | low landing cost (tariff 0.0%, LPI 4.1)",Qatar,filtered
China,9103,"Clocks; with watch movements, excluding clocks of heading no. 9104",19166020.21230548,3467171.1162053943,8314.835,111.78304654795602,24.85,0.78525,A,9.290000000000001,,,0.4530980388323466,1.0,6159.113078752698,1.0,6159.113078752698,91,3.7,12.885416666666666,2.5309562681647493e-05,0.02166743378644738,0.8345758600288925,0.9999999985714286,0.3751037977331859,24.85,0.18614232209598397,0.5714285710204083,0.9922302899351838,0.7182876574407193,0.7764640301913962,0.5280024734406936,"low GCC penetration (high entry room) | rising prices (+25%/yr) | premium unit value ($112/kg) | stable market (A grade) | low landing cost (tariff 12.9%, LPI 3.7)",Qatar,filtered
